OC_omid,issn,EP_id,Publications_in_venue,Open Access
6101168457,['0091-7729'],446803,173,Unknown
61302709439,['2327-6207'],446803,13,Unknown
6101269976,"['1573-7802', '0892-7537']",444118,323,Unknown
61013436,"['1935-1046', '0034-6543']",446479,3099,Unknown
6101412167,['1949-9833'],476618,38,True
6101571325,"['2330-796X', '0076-8820']",444848,254,Unknown
6101585260,"['0362-5028', '2325-2324']",483994,409,Unknown
61019819,"['1535-1882', '0021-8715']",442382,2157,Unknown
61019926,"['0021-8723', '1945-2314']",447601,2347,Unknown
61021268,"['0002-9300', '2161-7953']",340509,5641,Unknown
6102229878,['2380-4076'],499021,11,Unknown
6102251533,"['2169-7132', '1526-1018']",442475,142,Unknown
6102338251,['2159-0303'],481288,76,True
6102464239,['2334-4415'],483247,122,True
61025111,['1369-8486'],421225,1169,Unknown
61025163,"['2044-768X', '0007-6805']",438760,1732,Unknown
6102784010,"['2167-6984', '2167-6968']",489991,560,Unknown
61027992,"['1354-0688', '1460-3683']",342774,1547,Unknown
61028110,"['1552-5481', '0192-513X']",442914,2662,Unknown
61028154,"['0886-2605', '1552-6518']",413929,6015,Unknown
6102845,"['0009-3920', '1467-8624']",439030,13754,Unknown
61029251,"['1078-0874', '1552-8332']",447975,1148,Unknown
61029384,"['0011-0000', '1552-3861']",439542,2493,Unknown
61029433,"['1460-3691', '0010-8367']",341375,1103,Unknown
6103015605,['0145-2258'],437424,206,Unknown
61501061826,['2163-9108'],437424,26,Unknown
6103028434,['1542-4286'],439239,376,Unknown
61032789,"['1050-3293', '1468-2885']",439285,785,Unknown
61034039,"['0014-1801', '1527-5477']",440365,1261,Unknown
61034095,"['2156-7417', '0014-1836']",440368,1072,Unknown
61034121,"['0011-3204', '1537-5382']",418107,3917,Unknown
6103514405,"['0049-3155', '1938-369X']",447393,16,Unknown
6103551490,"['1069-4404', '1759-8818']",447044,749,Unknown
61038822,"['1530-9282', '0024-094X']",342603,2904,Unknown
61038859,['0023-9690'],341979,1564,Unknown
6104080414,['0021-843X'],340222,945,Unknown
6204066420,['0021-843X'],340222,1172,Unknown
622032113,"['1939-1846', '0021-843X']",340222,2349,Unknown
6304069308,['0021-843X'],340222,898,Unknown
6404074772,"['0021-843X', '0096-851X']",340222,1070,Unknown
6504081685,"['0021-843X', '0096-851X']",340222,930,Unknown
6604077064,['0021-843X'],340222,925,Unknown
6104159486,['0193-5380'],447531,1,Unknown
634011786,['1935-0201'],447531,209,Unknown
61043106,"['2373-5112', '0043-7956']",448177,1190,Unknown
61043164,"['1086-3338', '0043-8871']",448202,1785,Unknown
61047646,"['0031-8248', '1539-767X']",445748,4305,Unknown
61051153,['0001-8791'],444095,3405,Unknown
61051385,"['0001-9933', '1937-2108']",437423,1559,Unknown
61054001,"['0022-0175', '2162-6057']",442720,1436,Unknown
61054047,"['0022-0221', '1552-5422']",342676,2490,Unknown
61058479,"['0090-4392', '1520-6629']",442645,3383,Unknown
610585532,"['1533-1571', '1041-3200']",442436,931,Unknown
61064077,"['0070-3370', '1533-7790']",341534,4367,Unknown
610686470,['0093-4240'],499717,264,Unknown
610740654,"['0277-3945', '1930-322X']",446640,971,Unknown
6107572,"['0026-7929', '1527-1943']",444897,1183,Unknown
610851515,['1945-6182'],437422,188,Unknown
6203529163,['1062-4783'],437422,452,Unknown
6109229,"['0279-1072', '2159-9777']",341269,2142,Unknown
6109350,"['0279-0750', '1468-0114']",445535,1079,Unknown
610977015,"['1467-9191', '0031-806X']",445727,333,Unknown
61101217542,"['0741-0883', '1552-8472']",436523,700,Unknown
61101245,"['0021-9266', '2157-6009']",442493,2230,Unknown
61101276818,"['1045-1595', '2162-4070']",482765,776,Unknown
61101306516,['1841-2394'],485038,39,Unknown
61101306659,['1841-5261'],485039,35,Unknown
61101331051,"['1940-4603', '1074-6846']",480904,137,Unknown
61101360096,['1947-9921'],441284,317,Unknown
61101787447,"['2330-2933', '2330-2925']",484182,215,Unknown
611018477,"['0002-9432', '1939-0025']",437589,5643,Unknown
611018551,"['1939-0084', '0735-7044']",340596,6449,Unknown
611018574,"['1939-0106', '1099-9809']",439640,318,Unknown
6204193459,"['1099-9809', '1077-341X']",439640,78,Unknown
6704183832,"['1099-9809', '1077-341X']",439640,747,Unknown
611018581,"['0012-1649', '1939-0599']",439860,7482,Unknown
611018616,"['1939-1277', '0096-1523']",339732,6229,Unknown
611018632,"['1939-1285', '0278-7393']",341018,5214,Unknown
611018648,"['0893-3200', '1939-1293']",442918,2628,Unknown
611018657,"['0022-3514', '1939-1315']",341769,12879,Unknown
61101947639,"['2329-8456', '2329-8464']",489287,256,Unknown
61102045660,['1549-4721'],443177,161,Unknown
6302485857,['0095-6848'],443177,309,Unknown
611021306,"['1520-6300', '1042-0533']",340672,3828,Unknown
611021326,"['1556-6501', '1042-1629']",440108,1826,Unknown
611021505,"['0026-8232', '1545-6951']",444900,1650,Unknown
61102166652,"['1938-8209', '1938-8322']",475150,271,Unknown
61102217140,"['2167-7026', '2167-7034']",479858,789,Unknown
611026811,"['1552-3829', '0010-4140']",339954,2316,Unknown
61102731318,['2327-5731'],480647,71,Unknown
61102731357,['2327-5812'],447515,50,Unknown
6801136392,['0009-8353'],447515,122,Unknown
61102731513,['2327-5898'],438923,57,Unknown
61102779216,['2166-5486'],484655,80,Unknown
611030658,"['1754-9434', '1754-9426']",486016,1488,Unknown
611030780,"['0090-4848', '1099-050X']",441277,1839,Unknown
611030801,"['0090-502X', '1532-5946']",430156,4875,Unknown
61103679963,"['0096-3445', '0022-1015']",442907,1112,Unknown
61203662044,"['0022-1015', '0096-3445']",442907,631,Unknown
61303652239,"['0022-1015', '0096-3445']",442907,1047,Unknown
623035324,"['0096-3445', '1939-2222']",442907,1418,Unknown
6704065229,"['0096-3445', '0022-1015']",442907,970,Unknown
6804071790,"['0096-3445', '0022-1015']",442907,869,Unknown
6903692590,"['0022-1015', '0096-3445']",442907,956,Unknown
61103729950,"['0097-8507', '1535-0665']",444282,6,Unknown
626051136,['0097-8507'],444282,2467,Unknown
6701748573,['1535-0665'],444282,1003,Unknown
611047572,"['1538-6473', '1745-9133']",487475,1211,Unknown
61105191,['0148-2963'],436416,9256,Unknown
611055695,['1545-0031'],477041,5,Unknown
611056847,"['0034-0553', '1936-2722']",446349,1460,Unknown
611059705,"['2471-4461', '2472-4513']",499431,75,Unknown
61106456,"['1939-8999', '0190-2725']",447009,1245,Unknown
611066393,"['0735-1690', '1940-9133']",446178,1805,Unknown
611066433,"['0735-2166', '1467-9906']",444055,1691,Unknown
611066468,"['0735-6331', '1541-4140']",442801,1689,Unknown
611070996,['0361-476X'],439480,1790,Unknown
6110843530,"['0161-5440', '1940-1906']",441184,695,Unknown
6110849087,['2158-5806'],447246,13,Unknown
6110861527,['1550-1558'],440819,115,Unknown
6160504086,['1054-8289'],440819,625,Unknown
6110966058,"['1548-2456', '1531-426X']",413067,874,Unknown
61109793,"['1573-3327', '0009-398X']",421766,2381,Unknown
61201016319,"['1939-1552', '1089-2680']",418691,721,Unknown
61201079695,"['2150-6787', '2150-6779']",478604,103,True
61201156846,"['1544-7537', '1544-7529']",472883,102,Unknown
61201159793,['1051-3558'],437543,428,Unknown
612011876,"['0093-0334', '1552-146X']",447561,4033,Unknown
612011981,"['2163-1654', '0093-3104']",447742,1103,Unknown
612012073,['1061-0421'],443599,1465,Unknown
61201299718,['1842-3191'],481448,102,Unknown
61201413887,['0021-6682'],341596,1024,Unknown
61801111237,['1553-0604'],341596,263,Unknown
612016199,"['1939-1323', '0735-7028']",446095,3051,Unknown
612016215,"['1939-134X', '1040-3590']",446188,2932,Unknown
612016226,"['1939-1331', '0736-9735']",446179,1246,Unknown
61201747302,"['1524-8429', '2161-427X']",486205,292,Unknown
61201747365,"['1524-8879', '1874-6306']",418361,529,Unknown
61201867648,['0039-3657'],447261,946,Unknown
61501823588,['1522-9270'],447261,342,Unknown
61201916389,"['2194-6124', '1935-1704']",471305,519,Unknown
61201936889,"['2055-7981', '2055-7973']",486018,75,Unknown
61201950652,['2641-0478'],499377,120,True
61202028629,['1549-4950'],443888,356,Unknown
612021679,"['0730-7829', '1533-8312']",444997,1139,Unknown
612024653,"['0018-7895', '1544-399X']",452037,1392,Unknown
61202489,"['2040-8072', '0038-7134']",447131,3027,Unknown
61202658966,"['1470-1367', '0957-4042']",448159,605,Unknown
61202775128,['1529-1456'],438437,588,Unknown
61703728181,['0162-4962'],438437,9,Unknown
61202775335,"['1529-1499', '1098-7371']",438599,203,Unknown
61202775382,['1529-1529'],444214,193,Unknown
612029908,"['1552-7476', '0090-5917']",445924,1564,Unknown
612029937,"['0090-5992', '1465-3923']",342346,1725,Unknown
61203324620,"['1552-6836', '0097-7004']",444892,881,Unknown
612037003,"['1554-3528', '1554-351X']",471783,4090,Unknown
61203776836,['0884-3236'],444317,5,Unknown
61601651391,['1086-3257'],444317,227,Unknown
612038355,"['0040-5639', '2169-1304']",447720,1322,Unknown
612041165,"['1545-6994', '0021-1753']",442185,4382,Unknown
6120587004,"['1533-8339', '0195-6167']",444999,735,Unknown
6120644898,['1532-5490'],500456,327,Unknown
6120704759,"['1541-3446', '1552-7840']",444034,442,Unknown
6120713165,"['0040-4691', '1534-7303']",447440,246,Unknown
6120841549,"['2333-9683', '2333-9691']",499404,172,Unknown
6120873544,['1527-8050'],444117,424,Unknown
61303775151,['1045-6007'],444117,3,Unknown
613010252,"['1948-0989', '0001-4273']",437111,5765,Unknown
61301292654,"['0066-6637', '1944-6497']",481749,107,Unknown
61301292705,"['0066-6939', '1933-8139']",417334,236,Unknown
61301406,"['0362-1529', '2166-5508']",447820,1083,Unknown
61301437058,"['1570-7156', '1573-711X']",471660,275,Unknown
61301639700,"['2381-5892', '2158-3897']",483685,373,True
613017468,['0890-8567'],340441,8612,Unknown
61301826105,"['1807-9326', '1874-656X']",477385,104,Unknown
613018500,"['1530-9169', '0022-1953']",443144,3360,Unknown
61301924405,"['2688-8149', '2688-8157']",501944,24,Unknown
61302092741,['1555-2101'],442611,457,Unknown
613045078,['0160-6689'],442611,10321,Unknown
61302154443,"['1938-9655', '1938-9663']",475975,579,Unknown
61302225975,['1937-1209'],475476,259,Unknown
61502232111,['1937-1217'],475476,126,Unknown
6304235348,"['1937-1217', '1937-1209']",475476,46,Unknown
6130223865,['0019-7289'],481579,467,Unknown
62102385426,['2164-8654'],481579,66,Unknown
613023220,"['1082-6084', '1532-2491']",447289,4402,Unknown
613023321,"['0022-1546', '1538-4640']",443050,4592,Unknown
61302413244,['1085-1968'],489511,99,Unknown
613024731,"['1052-150X', '2153-3326']",438759,1181,Unknown
613026180,"['1462-4745', '1741-3095']",446248,871,Unknown
61302620991,['1937-8912'],474586,155,True
6130283863,"['0148-3331', '2056-5666']",451756,828,Unknown
6130298002,"['2153-9650', '1947-6566']",499912,48,Unknown
6130298032,"['2152-9272', '1947-6574']",477984,103,Unknown
61303010621,"['1939-9022', '0738-2480']",444338,858,Unknown
613030421,"['0022-2895', '1940-1027']",443359,2191,Unknown
61303082492,"['0954-3945', '1469-8021']",444303,478,Unknown
61303522496,['1527-6457'],443006,1,True
613036371,"['1527-5507', '0333-5372']",445894,1213,Unknown
613036488,"['0018-098X', '1553-5622']",441132,1394,Unknown
61303708183,['0146-7891'],445229,1,Unknown
6260188967,['1536-0172'],445229,160,Unknown
613037844,"['1564-698X', '0258-6770']",448183,1021,Unknown
6130388164,"['1930-8892', '1084-5453']",422852,701,Unknown
6130423907,"['0883-8534', '2161-1912']",443362,745,Unknown
613043844,"['1558-9080', '1943-4529']",478703,1621,Unknown
613045097,['0160-6379'],440605,1371,Unknown
613053739,"['2163-5811', '1043-7797']",443747,1823,Unknown
6130644484,['1532-5768'],442629,200,Unknown
6130844556,"['2334-1777', '2334-1785']",500411,38,Unknown
61308872,"['1467-6494', '0022-3506']",443509,3710,Unknown
6130900670,['1040-2608'],503952,426,Unknown
6130943650,"['0026-9271', '1934-2810']",444946,159,Unknown
61401047347,"['1080-1960', '2163-8217']",484022,141,Unknown
61401090145,['1538-5000'],444219,484,Unknown
614010929,"['0021-9762', '1097-4679']",442612,15714,Unknown
614011322,"['1460-2466', '0021-9916']",442636,3167,Unknown
614012386,"['0022-1309', '1940-0888']",442987,4082,Unknown
614012588,"['1940-0896', '0022-1325']",447612,3577,Unknown
61401342,"['1097-0177', '1058-8388']",341380,6098,Unknown
61401400379,['0890-2461'],471916,125,Unknown
61401462849,"['1524-9220', '1939-151X']",446206,763,Unknown
61401734790,"['1552-6291', '1552-6283']",468883,341,Unknown
614018005,"['0022-2194', '1538-4780']",340707,3970,Unknown
61401868950,"['0272-9601', '1086-3311']",446142,194,Unknown
614021931,['1538-4586'],443930,1272,Unknown
62203663742,['0022-5053'],443930,2,Unknown
614022045,"['1938-3711', '0022-5002']",443916,4633,Unknown
614022130,['0022-5037'],443927,1843,Unknown
61501646981,['1086-3222'],443927,653,Unknown
61402367261,"['1911-0227', '0829-3201']",485570,712,Unknown
614023745,['0022-0965'],442903,6105,Unknown
614023801,"['1940-0683', '0022-0973']",339791,2937,Unknown
614024915,"['0146-1672', '1552-7433']",445664,5076,Unknown
614026207,"['1060-1538', '1520-6505']",440542,1021,Unknown
61402786772,"['1873-5398', '1081-602X']",441214,817,Unknown
61402786914,"['1081-6976', '1555-2934']",477401,743,Unknown
61403013242,"['0735-2751', '1467-9558']",447039,743,Unknown
614033848,"['0002-8762', '1937-5239']",437552,10094,Unknown
614035024,"['0008-4131', '1710-1115']",438836,1430,Unknown
614035240,"['0010-4175', '1475-2999']",439327,1980,Unknown
614036699,"['0018-2656', '1468-2303']",441201,1336,Unknown
614036764,"['0018-2680', '1748-5959']",441203,1211,Unknown
614041562,"['1044-6753', '2475-1898']",499471,109,Unknown
614042614,"['1935-1682', '2194-6108']",477558,1001,Unknown
614045264,"['2377-8784', '1943-1538']",499569,47,Unknown
614048699,"['1048-1885', '1940-9222']",446177,1848,Unknown
61405400,['0006-3223'],343253,20512,Unknown
614058625,"['1096-9934', '0270-7314']",442972,2231,Unknown
614059948,"['1537-5277', '0093-5301']",442691,2607,Unknown
6140786423,"['1087-7142', '1758-860X']",450965,52,Unknown
61407973,['0022-362X'],443531,3743,Unknown
6140859440,"['2578-3505', '2578-3491']",500581,73,Unknown
61409645,['0001-4966'],343110,58417,Unknown
615010582,"['1943-5045', '0017-8055']",441051,1373,Unknown
61501058615,"['1086-0266', '1552-7417']",445478,771,Unknown
61501136268,['0009-8418'],447517,607,Unknown
6902028407,['1558-9234'],447517,170,Unknown
61501262430,"['1941-1359', '1941-1340']",474480,329,Unknown
61501355884,"['0742-9797', '1533-8320']",444799,435,Unknown
61501366351,"['1744-0491', '1755-0483', '1755-0491']",475794,450,Unknown
61501620619,"['2164-4543', '2164-4551']",489742,110,True
61501781003,"['2330-3964', '2330-3980']",451858,99,Unknown
615018133,"['1539-3429', '1470-8175']",438414,1891,Unknown
61501831349,"['1538-4594', '0968-8005']",443407,252,Unknown
61501972368,"['2157-2941', '0730-9139']",447270,60,Unknown
61502030965,"['2640-6470', '2640-6489']",498384,37,Unknown
61502060715,"['0031-8213', '1527-2079']",445741,692,Unknown
615021047,"['1475-4517', '0017-8160']",441061,1835,Unknown
61502154902,['2470-5616'],475460,28,Unknown
61502246231,['2156-9428'],488794,68,Unknown
615024119,"['1520-6696', '0022-5061']",340717,1867,Unknown
6150244423,"['0022-281X', '1529-1464']",443341,633,Unknown
61502670171,"['2050-1242', '2050-1250']",486048,261,Unknown
615027222,"['1530-9576', '1557-9271']",446230,740,Unknown
61503119778,"['0315-7997', '1939-2419']",441186,100,Unknown
61503129666,"['2328-5265', '0363-1923']",441479,161,Unknown
6150330312,['1042-9573'],442931,714,Unknown
615035704,"['0002-9114', '1939-828X']",437559,3189,Unknown
61503658425,"['0735-7036', '0021-9940']",442650,1654,Unknown
61703664472,"['0735-7036', '0021-9940']",442650,346,Unknown
61803656171,"['0735-7036', '0021-9940', '0093-4127']",442650,493,Unknown
623035271,"['1939-2087', '0735-7036']",442650,600,Unknown
6504190634,"['0021-9940', '0735-7036']",442650,675,Unknown
615042207,['0029-4527'],445284,2000,Unknown
615042245,"['0029-4624', '1468-0068']",445286,1884,Unknown
615044092,"['2284-5666', '2688-8211']",483922,60,Unknown
615047614,"['1042-2587', '1540-6520']",449225,1446,Unknown
615051245,"['1365-1005', '1469-8056']",444501,1502,Unknown
6150550044,"['1089-2699', '1930-7802']",441019,564,Unknown
6150602227,"['1527-2060', '0021-3667']",442984,588,Unknown
615062267,"['1538-4845', '0271-1214']",447792,1064,Unknown
615062305,"['0743-5584', '1552-6895']",343467,1161,Unknown
615063879,['0093-934X'],341274,5994,Unknown
615063959,"['0093-8157', '1556-3014']",446507,1176,Unknown
6150650898,['0034-4346'],446398,268,Unknown
6150690039,"['0018-7143', '1534-6617']",441260,2693,Unknown
61507325,"['0020-7594', '1464-066X']",340495,2562,Unknown
6150831271,"['2167-8510', '0084-9812']",451562,148,Unknown
6150855847,"['1939-0610', '1093-4510']",441210,455,Unknown
6150885891,['1527-9421'],445378,310,Unknown
6180748775,['0029-8115'],445378,253,Unknown
6150913396,['1534-0708'],447509,303,Unknown
6704037464,['0008-8080'],447509,1,Unknown
6150913525,['1534-1461'],447107,120,Unknown
6150913779,['1534-150X'],445279,229,Unknown
61601780546,['0027-4380'],445279,565,Unknown
61601155980,"['0091-732X', '1935-1038']",446501,661,Unknown
61601164921,['2766-0117'],504090,10,True
61601243015,['0276-2080'],445736,676,Unknown
61601261573,"['1941-1375', '1941-1367']",477729,243,Unknown
61601262653,"['1941-1391', '1941-1383']",477727,363,Unknown
616012706,"['1745-6916', '1745-6924']",477589,1262,Unknown
616012741,['0315-0860'],441173,1200,Unknown
61601280793,['2153-3873'],440622,147,Unknown
6220236101,['0046-3663'],440622,798,Unknown
61601375354,"['0022-2917', '2053-7395']",443371,951,Unknown
616014049,"['0022-1465', '2150-6000']",443027,2887,Unknown
616014191,"['1049-7315', '1552-7581']",446443,1988,Unknown
61601476258,"['1471-0366', '1471-0358']",442357,784,Unknown
61601587307,"['0016-6928', '2160-0228']",451896,351,Unknown
61601613154,['2165-7599'],446678,98,Unknown
61601651237,['1086-3249'],444162,268,Unknown
61703792994,['1054-6863'],444162,417,Unknown
61601651501,['1086-3265'],443337,368,Unknown
61601672916,"['0898-588X', '1469-8692']",447247,405,Unknown
61601673008,['0898-5898'],444436,1020,Unknown
61601825,"['1935-1062', '0162-3737']",440089,1272,Unknown
61601887,"['0162-895X', '1467-9221']",340341,1902,Unknown
61602038727,"['2160-6757', '2160-6765']",500414,105,Unknown
616025556,['0193-3973'],442413,1842,Unknown
616025666,"['0266-4666', '1469-4360']",440048,1929,Unknown
61602633121,['1083-6101'],442674,908,True
61602788246,['1092-1311'],443673,4,Unknown
61603043714,"['2158-1592', '0735-3766']",449240,536,Unknown
61603083,"['0305-0629', '1547-7444']",441727,1101,Unknown
61603088598,"['2375-1606', '1930-6253']",488847,39,Unknown
61603137558,"['1741-2919', '1468-7984']",442766,516,Unknown
616031698,['0022-1031'],442908,4078,Unknown
616031735,"['0022-1082', '1540-6261']",339958,5961,Unknown
616031801,"['1756-6916', '0022-1090']",442930,2746,Unknown
61603310411,['1550-7076'],472787,203,Unknown
616033115,"['1460-3640', '0967-0106']",341164,1034,Unknown
61603351261,"['1930-7799', '1063-2921']",343280,626,Unknown
61603467568,"['2153-2931', '1054-4720']",436468,1,Unknown
61603624456,['0004-0975'],438066,1,Unknown
6302210892,['1080-6504'],438066,322,Unknown
616040193,"['1573-2851', '0885-7482']",442922,1969,Unknown
6160425448,"['0883-1157', '1940-3216']",446679,514,Unknown
616042986,"['0013-2004', '1741-5446']",440109,1931,Unknown
6160450889,['1538-974X'],445031,317,Unknown
6160462495,['0164-1239'],481905,5,Unknown
61604666,"['1532-6985', '0046-1520']",440096,1097,Unknown
61604775,"['0046-3892', '1755-053X']",440663,1579,Unknown
616049331,"['1940-1892', '0095-8964']",477356,1298,Unknown
616056701,"['1944-7914', '1539-8250']",500403,111,Unknown
616058738,['1067-3040'],444998,574,True
616064889,"['0899-5605', '1532-7876']",342131,1082,Unknown
616064909,"['1530-888X', '0899-7667']",445116,3335,Unknown
616065698,"['0042-8639', '2162-5158']",447703,118,Unknown
61607523,"['1531-5088', '0020-8183']",342571,2639,Unknown
6160776706,"['8755-4178', '1553-3913']",442925,305,Unknown
6160913213,['1534-1518'],343250,707,Unknown
630209675,['0003-5491'],343250,661,Unknown
6170100421,"['0163-0350', '1536-0199']",444323,241,Unknown
617012827,"['1368-4302', '1461-7188']",441020,1227,Unknown
617012836,"['1930-7810', '0278-6133']",441084,4509,Unknown
617012857,"['1931-1516', '1528-3542']",440206,2164,Unknown
617012862,"['1931-1559', '0894-4105']",340134,2615,Unknown
617014054,"['1098-2140', '1557-0878']",437574,1179,Unknown
617015310,['0018-506X'],441239,5737,Unknown
617015417,"['0018-7208', '1547-8181']",441263,4186,Unknown
61701652270,['1086-329X'],445744,625,Unknown
61701652407,"['1071-6076', '1086-3303']",445750,597,Unknown
61701673186,"['1937-8327', '0898-5952']",482595,878,Unknown
61701981301,['2692-3874'],502404,35,True
61701987088,"['2169-7442', '1540-2126']",499757,79,True
617021595,"['1040-0419', '1532-6934']",439549,1442,Unknown
6170216933,"['1558-9579', '1552-5864']",470822,403,Unknown
61702897046,"['1040-726X', '1573-336X']",440099,995,Unknown
61703096976,['1534-5165'],446917,409,Unknown
6403515421,['0882-8539'],446917,33,Unknown
61703097203,"['1092-3977', '1534-5815']",436120,306,Unknown
617031074,['0005-7894'],438351,3429,Unknown
61703327297,['1481-4374'],439122,329,True
61703469085,['2155-8450'],340492,1,Unknown
61703716758,['0094-1700'],340492,10,Unknown
62501350516,['0094-1700'],340492,55,Unknown
6403922619,"['0094-1700', '2155-8450']",340492,3,Unknown
617035401,"['0047-2395', '1541-3810']",442807,1221,Unknown
617035439,['0047-2484'],434430,4341,Unknown
61703716983,"['0022-006X', '0095-8891']",340992,99,Unknown
61803656672,['0022-006X'],340992,901,Unknown
61903662341,['0022-006X'],340992,1351,Unknown
6204071194,['0022-006X'],340992,225,Unknown
62103643428,['0022-006X'],340992,832,Unknown
62203654623,['0022-006X'],340992,915,Unknown
623035228,"['1939-2117', '0022-006X']",340992,4447,Unknown
62303660516,"['0022-006X', '0095-8891']",340992,1121,Unknown
62403659224,"['0095-8891', '0022-006X']",340992,847,Unknown
62503648051,"['0095-8891', '0022-006X']",340992,1153,Unknown
617038460,"['1573-2762', '0360-0025']",340107,5270,Unknown
6170387409,['0073-0548'],441055,623,Unknown
62202677281,['1944-6454'],441055,77,Unknown
6170387581,['0073-0688'],441060,627,Unknown
617041237,"['0020-7438', '1471-6380']",342925,1902,Unknown
617041349,"['1573-661X', '0147-7307']",444339,1912,Unknown
617041428,"['1532-7906', '0027-3171']",341811,2028,Unknown
617045346,"['1543-2793', '0888-4781']",447684,1075,Unknown
617045350,"['0889-3268', '1573-353X']",442521,1463,Unknown
61704765,['0022-2496'],443290,1975,Unknown
6170478962,['1936-1637'],439315,541,Unknown
6170479206,['1936-1645'],447930,30,Unknown
6303289520,['0732-7730'],447930,233,Unknown
617048183,"['2326-067X', '0078-7469']",451349,185,Unknown
617050019,"['1532-7558', '1070-5503']",342185,1522,Unknown
617050074,"['1532-8007', '1070-5511']",447206,1286,Unknown
617051560,"['1939-8271', '0003-1224']",340523,5983,Unknown
6170544454,['1072-4303'],447369,7,True
6170590969,"['0892-3647', '1538-9286']",447465,740,Unknown
6170630365,['1520-8583'],469817,513,Unknown
6170651365,['2332-399X'],486391,102,Unknown
6170682581,"['1558-0423', '1060-9393']",446701,657,Unknown
6170968473,['1531-7900'],490417,17,Unknown
61801089757,"['2161-9441', '2161-9468']",484901,123,Unknown
61801141664,"['1532-7043', '0895-9285']",441271,700,Unknown
61801270850,"['1947-8429', '1947-8437']",488022,182,Unknown
61801278787,"['1554-2769', '0003-8504']",343393,870,Unknown
61801313272,"['1053-8151', '2154-3992']",442770,817,Unknown
61801326870,"['1558-1454', '1547-6715']",500561,360,Unknown
61801641797,['1086-332X'],447714,612,Unknown
62401882389,['0192-2882'],447714,417,Unknown
61801642042,"['1086-4415', '1557-9301']",441830,600,Unknown
618016611,"['1930-3807', '0363-7425']",437112,4125,Unknown
618018025,"['1532-1096', '1044-8004']",441275,1038,Unknown
61801857199,"['1552-3969', '1525-822X']",440644,589,Unknown
6180187367,"['1076-9986', '1935-1054']",442798,826,Unknown
618020726,"['1532-8015', '1040-1334']",447381,1727,Unknown
618020829,"['0096-1442', '1552-6771']",444058,1380,Unknown
61802202343,"['2161-2188', '2161-2196']",490161,66,Unknown
618022456,"['0031-8108', '1558-1470']",445735,2696,Unknown
6180226526,"['2051-3658', '2051-364X']",484931,173,Unknown
618024037,"['1554-558X', '0272-3425', '0894-1912']",442702,1599,Unknown
618024074,"['0894-3257', '1099-0771']",341233,1180,Unknown
618024144,"['1573-3548', '1556-0856', '0894-8453', '0164-2502']",442542,1556,Unknown
61802594729,"['1527-1994', '0935-560X']",441199,276,Unknown
6180298951,"['1529-8868', '1529-8876']",446845,729,Unknown
61803026666,"['1045-991X', '2154-9648']",448000,326,Unknown
61803117835,"['1547-7215', '1069-031X']",443157,670,Unknown
618031517,"['0361-0365', '1573-188X']",446430,2052,Unknown
61803340516,"['1874-6292', '1073-0508']",442044,449,Unknown
618034703,"['1572-8366', '0889-048X']",423354,1775,Unknown
61803799863,"['1815-4654', '1815-7556']",476705,1,Unknown
6180416372,"['1467-9760', '0963-8016']",425100,656,Unknown
618052441,"['1527-2133', '0003-1283']",437634,1862,Unknown
618058071,['0094-730X'],442937,1337,Unknown
618061285,"['1948-5506', '1948-5514']",477876,1411,Unknown
618062726,"['2162-8564', '0008-1256']",438793,2012,Unknown
618062776,"['1056-4926', '1552-6542']",443249,1332,Unknown
618063541,"['2194-5985', '1546-5616']",476814,73,Unknown
6180776959,"['1542-7625', '1057-2252']",496788,782,Unknown
61808651,"['1936-2293', '1064-1297']",440558,1880,Unknown
6180962261,['1543-1002'],445227,8,True
61901056848,"['1554-8430', '1086-296X']",443213,570,Unknown
61901121815,['1553-0639'],441164,139,Unknown
62501673810,['0018-2176'],441164,741,Unknown
61901122061,"['1756-2597', '1553-0981']",499595,215,Unknown
61901123408,"['0039-4238', '2374-6629']",447286,127,Unknown
61901205,"['1547-7207', '0748-6766', '0743-9156']",443637,1122,Unknown
61901255600,"['0892-6794', '1747-7093']",420167,893,Unknown
61901290766,"['1555-8622', '1935-3987']",476778,410,Unknown
61901364,"['0030-8129', '1938-1530']",436387,4888,Unknown
619015403,"['1095-9203', '0036-8075']",341841,160755,Unknown
61901565072,"['0016-920X', '2169-3099']",440957,480,Unknown
61901645546,"['2326-7259', '1086-4946']",486310,92,Unknown
61901662755,"['1068-8471', '2151-3341']",341460,363,Unknown
619018132,"['1547-3848', '0003-0139']",443865,1551,Unknown
61901887361,['1944-2815'],487997,45,Unknown
61901903900,['2149-1291'],493176,237,Unknown
61901997416,['2576-9901'],499232,4,Unknown
619020420,"['1530-8898', '0898-929X']",442621,4233,Unknown
619020648,"['0741-6261', '1756-2171']",343046,1553,Unknown
619020706,"['0741-9325', '1538-4756']",446390,1504,Unknown
61902218727,"['1552-8464', '0730-8884']",448179,852,Unknown
61902242942,['2471-156X'],440718,15,Unknown
61902439744,"['0740-0675', '2152-1026']",441206,97,Unknown
61902439809,['0740-2007'],437683,583,Unknown
61902722865,"['1465-7317', '0940-7391']",480769,564,Unknown
61902859,"['2163-5560', '0014-4029']",440547,3519,Unknown
619029398,"['1053-8372', '2163-2049', '1042-7716', '1469-9656']",486042,1150,Unknown
61903028914,"['2159-0389', '2159-0370']",485454,214,Unknown
619030979,"['0047-2875', '1552-6763']",411958,2421,Unknown
61903113490,"['1056-4934', '1944-7086']",422808,561,Unknown
619035190,"['0515-0361', '1783-1350']",449210,1305,Unknown
619035198,"['0227-5910', '2151-2396']",439561,1341,Unknown
619035313,"['2167-4086', '0033-2828']",447662,3489,Unknown
619035423,"['0033-2933', '2163-3452']",343705,3133,Unknown
6190370303,"['0920-8550', '1573-0735']",442934,833,Unknown
619039220,"['0016-8831', '1756-1183']",447554,1398,Unknown
619039329,"['0016-9862', '1934-9041']",447557,1771,Unknown
619042233,"['1084-1490', '2377-9551']",474649,328,Unknown
619048857,"['1502-3923', '0020-174X']",342849,2036,Unknown
619049202,"['2151-2426', '1015-5759']",440479,1159,Unknown
619053216,"['0003-1615', '1533-6247']",447484,1662,Unknown
6190535926,"['0010-4132', '1528-4212']",439321,368,Unknown
6190548773,"['1072-5369', '1573-7764']",442445,680,Unknown
619059906,"['1555-2462', '0002-0206']",451156,1757,Unknown
619059929,"['1548-1433', '0002-7294']",437535,9037,Unknown
6190654204,"['0034-5210', '1527-2044']",446422,953,Unknown
619067044,"['0004-3079', '1559-6478']",447492,2373,Unknown
61907360,"['0022-0485', '2152-4068']",340539,2295,Unknown
619095031,"['0361-5413', '1558-2744']",340133,940,Unknown
6201037048,"['1521-3269', '1532-785X']",444698,593,Unknown
6201143859,"['2159-4341', '2331-4001']",449846,93,Unknown
6201228028,"['1087-1640', '1543-2696']",444966,801,Unknown
6201287897,"['2161-6302', '0038-1861']",447079,282,Unknown
6201291279,['2159-6808'],480633,63,Unknown
6201322,"['0197-6664', '1741-3729']",440611,2722,Unknown
62015569,"['1939-8573', '0038-0407']",447043,1220,Unknown
6201704544,['2576-0971'],497522,2,Unknown
6201788719,"['2376-5755', '2376-5739']",499597,17,Unknown
6201816322,['2329-4175'],486393,120,Unknown
6201841358,"['1743-923X', '1743-9248']",470913,778,Unknown
620185450,"['1940-1612', '1940-1620']",476576,520,Unknown
6202138101,['1548-4815'],482132,156,Unknown
6202162438,"['1536-0334', '0160-9009']",440787,732,Unknown
6202162591,['1536-0342'],439605,251,Unknown
690283750,['0011-1589'],439605,88,Unknown
6202212055,['1080-6490'],437632,903,Unknown
622011405,['0003-0678'],437632,1093,Unknown
6202281371,['2690-7909'],502152,18,Unknown
6202354043,"['0747-9360', '1531-4790']",439836,793,Unknown
6202518883,"['1934-7243', '0474-7534', '0736-9387']",437773,873,Unknown
6202537866,"['1527-4764', '1552-8316']",430392,923,Unknown
62025773,"['1552-3888', '0013-1644']",423797,6893,Unknown
6202603339,['0046-8541'],441317,252,Unknown
62027084,"['0957-9265', '1460-3624']",439917,1285,Unknown
6202772351,"['2333-3065', '2333-3073']",483886,97,Unknown
620281172,"['1094-2076', '2325-5404']",445072,528,Unknown
6203088911,['2309-3854'],486916,81,True
6203090024,"['1941-6210', '1941-6229']",475481,280,Unknown
6203101347,"['1944-7558', '1944-7515']",476692,500,Unknown
6203285042,['0732-3123'],443282,961,Unknown
62033109,"['0031-2789', '1573-6679']",445608,1967,Unknown
620343223,"['1050-8406', '1532-7809']",443953,616,Unknown
62035344,"['1936-0843', '2576-7933']",487923,71,Unknown
62040390,"['0039-3606', '1936-6167']",447254,1017,Unknown
62041619,['0031-8256'],445751,1113,Unknown
62043157,"['1532-8023', '0098-6283']",447387,3056,Unknown
62044252,"['2572-4428', '1553-6505']",499566,98,Unknown
62044684,['0736-7236'],421446,1582,Unknown
62045980,"['0002-9831', '1527-2117']",437622,771,Unknown
62045980,"['1527-2117', '0002-9831']",437622,1032,Unknown
6205299,['0033-3182'],446216,7648,Unknown
6205379,"['1467-9299', '0033-3298']",341440,2735,Unknown
6205416,"['0033-3352', '1540-6210']",445582,5400,Unknown
62058883,"['1573-2797', '0738-0151', '1097-0355', '0041-0608', '0163-9641']",342121,3099,Unknown
620639583,"['2152-1123', '0003-0481']",437628,163,Unknown
6206795,"['0031-8205', '1933-1592']",445745,3179,Unknown
6209246,"['0095-2990', '1097-9891']",447467,2586,Unknown
62101046770,['1086-315X'],440114,531,Unknown
6802328242,['0013-2586'],440114,400,Unknown
62101046899,['1086-3168'],437593,392,Unknown
621046354,['0002-9475'],437593,1589,Unknown
62101090051,"['2162-1535', '0275-3987']",446211,408,Unknown
62101110361,['1553-1201'],451753,738,Unknown
62101128,"['0030-8684', '1533-8584']",445532,1970,Unknown
62101304350,"['1096-7494', '1559-3169']",442091,598,Unknown
62101304478,"['1873-5525', '1096-7516']",447587,719,Unknown
62101471736,"['1939-1811', '1939-182X']",478892,232,Unknown
621015010,"['1545-7001', '0020-7071']",441749,1716,Unknown
62101748212,"['1525-0008', '1532-7078']",441577,948,Unknown
621018158,"['1534-1453', '0163-6545']",446311,1245,Unknown
621018170,"['1946-3170', '0163-755X']",481904,1083,Unknown
621018248,"['1468-2508', '0022-3816']",432302,4375,Unknown
621019662,"['0001-8244', '1573-3297']",340384,3069,Unknown
621020991,"['1526-5455', '1047-7039']",445479,2087,Unknown
621021063,"['1047-840X', '1532-7965']",446190,1491,Unknown
62102133524,"['2375-9240', '2375-9267']",493325,150,Unknown
62102149150,['1527-2036'],444112,889,Unknown
62203765003,['1042-7961'],444112,13,Unknown
62102196257,"['2152-9078', '2152-906X']",479165,174,True
62102196304,['2152-9620'],475857,85,True
621023708,"['1464-8849', '1741-3001']",444132,1684,Unknown
621023759,"['1461-7080', '1461-4456']",439919,1123,Unknown
621023828,"['1552-6526', '0261-927X']",443187,1191,Unknown
62102385392,['2164-8646'],440948,107,Unknown
6260996883,['0149-7952'],440948,420,Unknown
621025349,"['1069-3971', '1552-3578']",439615,569,Unknown
621025514,"['1552-3489', '1073-1911']",438173,1857,Unknown
62102816,"['1943-5037', '1076-9757']",447604,1258,True
621028179,"['1520-6807', '0033-3085']",446204,4446,Unknown
621028223,"['1860-0980', '0033-3123']",417686,3374,Unknown
62102864184,"['1933-6632', '2161-6310']",499568,38,Unknown
62102864216,['1933-6837'],469899,448,True
62102880544,"['1527-1986', '1040-7391']",439899,571,Unknown
62103013732,"['2576-7941', '2159-2063']",478339,21,Unknown
62103108740,['1069-1898'],443791,564,True
621031281,"['1569-1616', '0008-9389']",438949,1055,Unknown
62103283890,['1553-9962'],480024,8,Unknown
621032868,"['1530-9274', '1063-6145']",445683,669,Unknown
621032882,"['1939-1455', '0033-2909']",446189,5878,Unknown
62103633726,['0017-3916'],413729,2,True
62103793240,"['0272-930X', '1535-0266']",444766,34,Unknown
6602266303,['0272-930X'],444766,140,Unknown
6701748508,['1535-0266'],444766,277,Unknown
6210406628,"['2325-8101', '0041-462X']",342829,910,Unknown
6210433390,"['2054-0892', '2054-0906']",486021,162,Unknown
621046459,"['1096-8644', '0002-9483']",423037,10105,Unknown
62105298,"['0022-0507', '1471-6372']",444139,3381,Unknown
62105337,['0022-0531'],339904,4986,Unknown
621053464,"['0364-0213', '1551-6709']",439229,2118,Unknown
62105433,"['0022-0663', '1939-2176']",343397,7228,Unknown
6210549790,['1931-0234'],444234,458,Unknown
62105524,"['0022-0671', '1940-0675']",442806,5342,Unknown
621062545,"['0027-8424', '1091-6490']",341568,150091,Unknown
621064687,"['0004-3249', '2325-5307']",438099,1402,Unknown
6210651877,['1533-0699'],447832,161,Unknown
6210672098,['0360-5949'],447832,368,Unknown
621066071,"['1097-0193', '1065-9471']",342753,6018,True
6210729437,['0277-7126'],451004,302,Unknown
6210784377,"['1546-2234', '1546-5012']",468899,564,Unknown
62108395,"['1098-237X', '0036-8326']",446791,4143,Unknown
62108482,['0010-0285'],439228,1331,Unknown
62201019660,"['1088-8438', '1532-799X']",446810,633,Unknown
62201019818,"['1088-8683', '1532-7957']",445665,510,Unknown
62201024451,"['1741-6248', '0894-4865']",440607,895,Unknown
62201050231,['1086-3176'],438737,380,Unknown
6504060744,['0007-5140'],438737,664,Unknown
62201050359,['1086-3184'],442769,412,Unknown
62201112440,"['1553-2739', '1434-4599']",447583,330,Unknown
62201118067,"['0039-7709', '1931-0676']",447343,483,Unknown
622011252,"['0003-0554', '1537-5943']",342146,6943,Unknown
622011352,"['1941-2460', '0003-0651']",443871,4105,Unknown
62201305282,['1096-858X'],447537,165,Unknown
62201380016,['0009-1774'],447837,274,Unknown
6240586457,['1558-9587'],447837,16,Unknown
62201380087,"['0009-2002', '1528-4204']",447511,318,Unknown
62201809282,"['1745-493X', '1523-2409']",449254,551,Unknown
622019123,"['1532-7752', '0022-3891']",340510,4375,Unknown
622019323,"['1940-1019', '0022-3980']",340353,6003,Unknown
62201944464,"['2291-1723', '2291-1731']",500395,23,Unknown
62201987961,"['2473-0343', '2473-036X']",499601,20,Unknown
62202141663,['2167-4256'],488414,89,Unknown
62202164101,"['0160-8061', '1540-8604']",443467,776,Unknown
62202166552,['0971-944X'],499475,14,Unknown
622023922,"['0039-8322', '1545-7249']",447433,2431,Unknown
62202591306,"['1944-7167', '1061-1975']",446726,77,Unknown
62202597524,"['0936-2835', '1532-7035']",440548,592,Unknown
622026639,"['0022-0027', '1552-8766']",341332,2653,Unknown
622029210,['0278-016X'],446992,1144,Unknown
622029305,['0278-2626'],342135,4460,Unknown
62203011519,"['0737-769X', '2050-8999']",476290,189,Unknown
62203054871,"['1471-6445', '0147-5479']",442074,857,Unknown
622031431,"['1939-1560', '1045-3830']",446772,847,Unknown
622031969,"['1939-1471', '0033-295X']",446192,4685,Unknown
622032063,"['1082-989X', '1939-1463']",446191,994,Unknown
622032066,"['0882-7974', '1939-1498']",446198,3691,Unknown
622032077,"['1939-1501', '0893-164X']",446205,2306,Unknown
622032081,"['1939-1536', '0033-3204']",343121,3236,Unknown
622032099,"['0090-5550', '1939-1544']",421453,1464,Unknown
622032109,"['1076-8971', '1939-1528']",446210,833,Unknown
622032144,"['0021-9010', '1939-1854']",442433,8647,Unknown
622033801,"['0362-6784', '1467-873X']",439737,1571,Unknown
622033855,"['0362-9805', '1939-9162']",342180,1232,Unknown
622036209,"['1520-6394', '1091-4269']",439813,2817,Unknown
622036313,"['1948-1837', '2194-6353']",485136,150,Unknown
622047318,"['2168-6157', '2168-6149']",481035,2942,Unknown
622048642,['0196-206X'],341588,3959,Unknown
622057784,"['0147-5916', '1573-2819']",341082,2598,Unknown
622057804,['0147-5967'],442647,1972,Unknown
62205912,"['0889-4019', '2161-0045']",447506,1124,Unknown
62205938,['0889-4906'],440247,1022,Unknown
6220644010,"['1933-8287', '0369-7827']",445500,673,Unknown
6220650926,"['2470-9565', '1533-2276']",497002,447,Unknown
6220729327,"['0277-9269', '1533-8347']",443373,707,Unknown
6220770958,['1075-2935'],438172,545,Unknown
6220771102,['1075-4253'],443156,789,Unknown
6220821364,"['1743-9426', '0144-0357']",446144,672,Unknown
6220853839,"['0891-2017', '1530-9312']",439374,725,True
6220881208,"['1528-3577', '1528-3585']",442124,649,Unknown
62301229845,"['0032-2970', '2330-0841']",450990,152,Unknown
62301255476,"['1936-9824', '1936-9816']",475237,84,Unknown
62301308602,"['1097-184X', '1552-6828']",444755,760,Unknown
62301329105,"['1552-4574', '1050-6519']",442522,689,Unknown
62301350493,['0037-6752'],446969,773,Unknown
62301390581,"['1949-4270', '1949-4289']",499243,85,Unknown
62301732410,['2326-2176'],443993,81,Unknown
6502192352,['1540-7942'],443993,126,Unknown
62301895958,['1947-4261'],444237,150,Unknown
62301896067,"['1947-4628', '1947-461X']",484893,200,Unknown
62301940997,['2327-6436'],438077,33,Unknown
62502099338,['0095-5809'],438077,44,Unknown
62301997420,"['2473-8441', '2473-8433']",500417,41,Unknown
62302064559,"['2332-8894', '2332-8908']",485452,120,True
62302134707,"['0148-9267', '1531-5169']",439400,986,Unknown
62302145300,"['1867-1748', '1867-1756']",489710,365,Unknown
62302164051,"['2165-8692', '2165-8684']",499599,118,Unknown
62302164080,['2165-8714'],486559,797,Unknown
6230227142,['1524-2269'],473103,113,Unknown
623025610,"['0040-0599', '2163-5684']",480736,2353,Unknown
623025672,['0040-1625'],447400,6705,Unknown
623025776,['0040-165X'],447402,1160,Unknown
6901331612,['1097-3729'],447402,747,Unknown
62302690047,"['1475-4541', '0364-0094']",437482,640,Unknown
62302778244,['1092-311X'],447736,227,Unknown
623028531,"['1552-7565', '1077-8004']",446261,2229,Unknown
623028632,"['0092-0703', '1552-7824']",343304,2128,Unknown
6230295349,['1543-0383'],342735,269,Unknown
6230295441,['1543-0391'],449252,81,Unknown
6230302687,"['1759-7331', '1759-7323']",476169,355,True
62303038946,"['0270-8647', '2327-9486']",482130,757,Unknown
62303079073,"['1747-5112', '1359-6748']",341158,710,Unknown
623032175,"['1053-5888', '1558-0792']",441379,2023,Unknown
623032181,['1053-8100'],342075,3061,Unknown
62303296764,['1555-9998'],485834,32,True
623034055,"['1748-6858', '0034-6705']",446496,1929,Unknown
6230347320,"['0002-1482', '1533-8290']",437457,486,Unknown
62303482286,"['0021-8510', '1543-7809']",447597,69,Unknown
6302121421,['1543-7809'],447597,188,Unknown
6403954454,['1543-7809'],447597,8,Unknown
6701416821,['0021-8510'],447597,925,Unknown
623035277,"['0022-0167', '1939-2168']",442713,4614,Unknown
623044631,"['0037-9808', '2150-5926']",443991,1374,Unknown
623054690,"['0002-953X', '1535-7228']",341881,28069,Unknown
623054829,"['1939-8298', '0002-9556']",437606,7909,Unknown
623055957,"['0002-7189', '1477-4585']",340629,622,Unknown
623055957,"['1477-4585', '0002-7189']",340629,1029,Unknown
623059323,"['1755-165X', '1079-3453']",451405,334,Unknown
6230603698,['1559-1786'],483251,86,Unknown
6601061035,['1085-4908'],483251,32,Unknown
623062906,"['1543-3382', '0897-5264']",442625,1040,Unknown
623062916,"['1558-9102', '1092-4388']",443779,5860,Unknown
6230667069,"['0146-1109', '2327-4271']",483958,195,Unknown
62401036341,"['2372-191X', '2372-1901']",500416,110,Unknown
624011137,"['1573-6598', '0894-9867']",341141,3431,Unknown
62401115719,"['1540-3084', '1940-5103']",483234,186,Unknown
624011252,"['1543-2904', '0895-2779']",443783,1267,Unknown
624011318,"['1573-0441', '0895-562X']",343182,1041,Unknown
62401225704,"['1094-9968', '1520-6653']",443137,661,Unknown
62401333576,"['1533-8592', '0094-0798']",445458,403,Unknown
624014252,"['1944-9585', '1537-260X']",436166,1180,Unknown
624014263,"['1537-4416', '1537-4424']",442591,1752,Unknown
62401509013,"['2574-1314', '2574-1306']",498985,72,True
62401757721,['1946-0538'],475415,50,Unknown
62401814425,"['0040-5736', '2044-2556']",447725,876,Unknown
624018696,"['0591-2385', '1467-9744']",448353,2236,Unknown
62401932393,['2328-1308'],480638,83,True
624020515,"['0149-2063', '1557-1211']",443241,2406,Unknown
62402171082,"['1942-4558', '2578-2185']",499565,123,Unknown
6240251588,"['2194-6051', '2152-2820']",485061,233,Unknown
624026035,"['1552-3047', '0741-7136']",343654,853,Unknown
624026074,"['1552-3594', '0093-8548']",439555,2220,Unknown
62402615286,"['2374-7552', '2374-7560']",501943,44,Unknown
624028719,"['1531-4715', '1054-2043']",447529,1640,Unknown
62402938,"['1541-0315', '0270-3149']",448163,1165,Unknown
624030047,"['0034-673X', '2211-4866']",446500,1228,Unknown
62403017646,"['1085-7052', '1935-4932', '1548-7180', '1935-4940']",471355,926,Unknown
624031763,"['1932-0183', '2194-6094']",475206,185,Unknown
62403288049,"['1556-1623', '1556-1631']",470890,329,Unknown
624035874,"['1098-2337', '0096-140X']",341323,2003,Unknown
624037937,"['1948-5077', '0271-9274']",451665,156,Unknown
624039363,"['0887-5367', '1527-2001']",441299,2106,Unknown
624039389,"['0887-6177', '1873-5843']",438035,4022,Unknown
624039420,['0887-6185'],342261,2909,Unknown
6240408707,['0739-098X'],481004,289,Unknown
62404149,"['2152-2715', '2152-2723']",478461,1595,Unknown
624049286,"['1467-7709', '0145-2096']",343456,1284,Unknown
624049375,"['1527-8034', '0145-5532']",447012,1769,Unknown
624049444,"['0145-6008', '1530-0277']",437499,11875,Unknown
624051639,['0261-3794'],343300,2536,Unknown
62405552,"['1532-7795', '1050-8392']",443691,1404,Unknown
6240579950,"['0891-625X', '1527-9383']",443778,627,Unknown
6240586463,['1558-9595'],451593,381,Unknown
6240681611,['2168-9105'],485959,329,Unknown
62407128,"['1520-6548', '0883-6353']",440881,1426,Unknown
6240760030,"['1075-7163', '2152-7792']",482779,268,Unknown
62408572,"['0010-4124', '1945-8517']",439320,1091,Unknown
624096207,"['1552-3993', '1059-6011']",441017,869,Unknown
62501107075,"['1531-0485', '1553-3786']",483227,214,Unknown
6250116379,"['1531-4812', '0961-1215']",444380,449,Unknown
62501256128,"['1943-5894', '1079-8986']",438722,574,Unknown
62501263518,"['2150-0428', '2166-2932']",499617,52,Unknown
62501307755,['1053-8364'],449306,396,Unknown
62501363155,"['1941-7497', '0022-2909']",443370,628,Unknown
62501399283,"['1558-5468', '1558-6073']",477714,234,Unknown
625014029,"['1537-5927', '1541-0986']",445682,1607,Unknown
62501471363,['1530-7190'],448044,298,Unknown
62501475613,"['1939-2192', '1076-898X']",442906,859,Unknown
62501525526,['2574-2329'],498782,29,Unknown
62501581643,"['1878-5301', '1878-5328']",499570,20,Unknown
62501694333,"['1758-9584', '1758-9576']",493905,60,True
62501937790,"['2159-242X', '2158-8708']",493591,97,True
62501937823,"['2158-8724', '2159-2411']",483804,42,True
62502017619,"['2572-7184', '2330-1392']",494199,77,Unknown
625022925,"['1469-1817', '0142-7164']",437941,1638,Unknown
625022947,"['0142-7237', '1740-2344']",440673,1069,Unknown
62502383616,['2165-0659'],480902,69,Unknown
625025821,"['0963-9470', '1461-7293']",444289,771,Unknown
62502766900,"['1755-6333', '1543-3951']",481325,309,Unknown
62502766939,['1543-4044'],498784,115,Unknown
62502799856,['0094-5323'],342722,292,Unknown
62502862531,"['1933-6985', '2405-478X']",486514,65,Unknown
625031439,"['0161-8105', '1550-9109']",343260,8147,Unknown
625031497,"['0161-7761', '1548-1492']",437859,1267,Unknown
6250328253,"['0265-0525', '1471-6437']",447005,875,Unknown
62503756,"['1543-2769', '0273-5024']",443833,1358,Unknown
625038800,['1526-0569'],440341,175,Unknown
625040566,"['1467-9922', '0023-8333']",339957,1812,Unknown
6250427227,"['1099-1727', '0883-7066']",339998,654,Unknown
6250435417,"['1067-8344', '0278-6656']",439115,409,Unknown
6250440844,"['0095-280X', '2333-9934']",499596,158,Unknown
6250501466,"['1548-1395', '1055-1360']",471023,603,Unknown
625055935,"['2041-6962', '0038-4283']",447678,1511,Unknown
62506330,"['0883-8151', '1550-6878']",442517,1399,Unknown
62506332,"['1873-2003', '0883-9026']",442526,1388,Unknown
6250736631,"['1053-0819', '1573-3513']",442482,811,Unknown
6250769858,"['1557-783X', '1075-8216']",446031,850,Unknown
62507979,"['0031-921X', '1943-4928']",445818,6077,Unknown
62509530,['0160-2896'],342490,2106,Unknown
62509666,['1090-5138'],440539,1416,Unknown
62509676,"['1090-7009', '0162-5748']",446485,1056,Unknown
6250996744,"['1533-8541', '0734-8584']",446641,493,Unknown
6260116965,"['0162-3532', '2162-9501']",442312,886,Unknown
62601310336,"['0835-1813', '1532-7973']",446442,669,Unknown
62601616911,"['0026-4326', '1094-348X']",444847,733,Unknown
62601970061,"['2693-3411', '0886-3865']",451785,19,Unknown
626019860,"['1081-3004', '1936-2706']",442337,1336,Unknown
626019934,"['1040-9289', '1556-6935']",475734,1484,Unknown
626021099,"['0731-9487', '2168-376X']",444359,1263,Unknown
626021201,"['0034-4338', '1935-0236']",446395,1174,Unknown
62602154917,['0028-6087'],445187,704,Unknown
6702193411,['1080-661X'],445187,857,Unknown
62602207725,"['1535-3605', '1043-4070']",443931,348,Unknown
626024331,"['0272-3433', '1533-8576']",446225,1044,Unknown
626024337,"['0272-4316', '1552-5449']",339925,1369,Unknown
62602449014,"['1558-5255', '0067-2378']",449211,572,Unknown
6260253138,['2694-2003'],502010,32,Unknown
626025700,['1359-1789'],437449,1585,Unknown
62602647885,['2304-1366'],484735,28,Unknown
62602676340,"['1533-6077', '1758-2237']",478887,620,Unknown
62602676424,"['0302-1475', '1533-6263']",446936,690,Unknown
6260271339,"['2152-5188', '2156-6240']",490457,110,Unknown
62602804427,"['1543-4311', '1543-4303']",490768,490,Unknown
62602804524,"['1543-4494', '1543-4508']",444354,834,Unknown
62603051679,"['1945-7782', '1945-7790']",475960,581,Unknown
626030860,['0149-7634'],340462,6605,Unknown
62603163987,"['1547-7304', '0141-1896']",443372,321,Unknown
6260317999,"['1933-2882', '1933-2890']",485458,56,True
626033790,"['0009-837X', '1546-072X']",341240,2025,Unknown
626035012,"['0275-0740', '1552-3357']",437633,1211,Unknown
626035189,"['0891-2416', '1552-5414']",442696,973,Unknown
626036512,"['1552-3020', '0886-1099']",437414,1199,Unknown
626036549,"['0300-9483', '1502-3885']",341032,2243,Unknown
626038220,"['1098-108X', '0276-3478']",342475,5550,Unknown
62603828432,['2154-1647'],478098,4,Unknown
626039863,"['1467-9434', '0036-0341']",446725,1301,Unknown
626039963,"['1074-0708', '2056-7405']",450568,2315,True
626040065,['1074-7427'],445121,3127,Unknown
626041703,"['0014-1704', '1539-297X']",440357,2744,Unknown
626043177,"['0162-2439', '1552-8251']",446802,1407,Unknown
626047374,"['1470-1545', '0272-2631']",447277,1447,Unknown
626051259,"['1545-6943', '0097-9740']",446939,2201,Unknown
626055737,"['2330-1635', '2330-1643']",484120,1517,Unknown
6260566254,['1931-1427'],482442,243,Unknown
626057009,"['0163-853X', '1532-6950']",439918,1253,Unknown
626057034,"['1521-0456', '0163-9625']",439863,1735,Unknown
626057038,"['1552-7573', '0164-0275']",446440,1390,Unknown
626057096,"['1077-6990', '2161-430X']",444133,1329,Unknown
626057199,"['0001-8392', '1930-3815']",437285,2516,Unknown
6260593291,"['1040-9483', '2161-4318']",451872,48,Unknown
6260632205,"['0021-969X', '2040-4867']",442582,889,Unknown
6260658868,"['0895-5646', '1573-0476']",443695,891,Unknown
6260659156,"['1554-4788', '1554-477X']",470684,542,Unknown
6260701815,['2767-6951'],503865,23,Unknown
626076577,['0885-2006'],440008,1865,Unknown
626077656,"['0092-055X', '1939-862X']",447388,1866,Unknown
626077770,['0092-6566'],443687,2847,Unknown
6260796846,"['1537-7814', '1943-3557']",484108,542,Unknown
628024072,"['2329-4892', '2329-4884']",481306,336,Unknown
628024122,"['2329-4906', '2329-4922']",488484,218,Unknown
629010414,"['1934-8908', '1934-8916']",483471,10,Unknown
629030573,"['1557-2021', '1557-203X']",478636,246,Unknown
629031771,"['1557-2293', '1557-2285']",474841,256,Unknown
629039042,"['1939-1307', '1076-8998']",443445,980,Unknown
6301040615,['1521-4281'],444577,79,Unknown
6802167459,['1536-1802'],444577,60,Unknown
6301152052,"['2194-587X', '1940-1639']",484994,545,Unknown
6301152185,"['2152-2812', '2194-5888']",483581,265,Unknown
6301172774,"['2328-9252', '2328-9260']",484175,508,Unknown
63011890,"['0021-9185', '1573-3432', '0162-3257']",442470,7710,Unknown
6301219,"['0197-9183', '1747-7379']",447584,3473,Unknown
6301303716,['0360-9049'],441100,6,Unknown
6301358,"['1573-2770', '0091-0562']",341687,3114,Unknown
6301367,"['0091-0627', '1573-2835']",435268,3481,Unknown
6301480031,"['1552-7808', '1028-3153']",443804,684,Unknown
63017463,"['1098-2302', '0012-1630']",341185,3911,Unknown
63018819,"['0021-8855', '1938-3703']",442406,3751,Unknown
6302169024,"['2588-8099', '2165-9214']",480937,67,Unknown
6302474772,"['2158-0510', '2158-0529']",495012,160,True
6302474981,['2158-1681'],481893,167,Unknown
6302519367,"['0737-0008', '1532-690X']",439219,581,Unknown
63028584,"['1552-3926', '0193-841X']",440530,1333,Unknown
6302858465,"['1540-5826', '0938-8982']",444358,529,Unknown
63028625,"['1552-4167', '0145-4455']",438350,1666,Unknown
6303012360,['1542-4308'],445461,159,True
63031353,"['1557-9638', '0018-9359']",441407,3120,Unknown
63032662,['0890-4065'],442356,1290,Unknown
63033808,"['0031-4005', '1098-4275']",340879,49588,Unknown
6303750151,['0019-0365'],442086,776,Unknown
6303753404,['0022-4359'],342305,986,Unknown
6303762233,"['1063-4266', '1538-4799']",442828,674,Unknown
6303880236,['2169-0251'],487869,1,Unknown
6702798342,['2169-0235'],487869,43,Unknown
63039157,"['1532-6942', '8756-5641']",340562,1383,Unknown
63039159,"['8756-6222', '1465-7341']",341878,899,Unknown
63040533,"['1385-4046', '1744-4144']",439172,2002,Unknown
63041782,"['1526-5501', '0025-1909']",444535,9447,Unknown
63051864,"['1542-4766', '1542-4774']",433674,1280,Unknown
63052993,"['0022-166X', '1548-8004']",443071,2371,Unknown
630552501,"['1931-2458', '1931-2466']",499249,273,Unknown
6305610,"['0033-362X', '1537-5331']",446228,3929,Unknown
630598112,"['0891-9356', '1067-8352']",445230,602,Unknown
63062928,"['1069-0727', '1552-4590']",442541,1056,Unknown
630737112,"['0277-2426', '1553-2704']",468645,480,Unknown
630774789,"['0742-4248', '1940-3046']",451813,161,Unknown
630782609,"['1532-7884', '1074-9039']",444851,768,Unknown
630794564,"['1754-6087', '1546-007X']",483241,246,Unknown
632029972,"['1527-196X', '0161-0775']",447712,364,Unknown
634011732,"['1934-9688', '1934-9696']",478120,180,Unknown
634011849,['1935-021X'],440335,99,Unknown
634011912,['1935-0228'],441106,70,Unknown
637012074,['1935-0252'],439456,51,Unknown
639042768,"['0891-3811', '1933-8007']",439581,888,Unknown
639044019,"['1475-3014', '1470-5427']",443002,270,Unknown
6401127531,"['2329-9037', '2329-9460']",480823,323,True
6401162,"['1548-1352', '0091-2131']",440373,1154,Unknown
6401167776,"['2167-776X', '1542-3050']",483546,626,Unknown
6401179479,"['2329-0056', '2329-0048']",490434,89,Unknown
64014051,"['0145-9740', '1545-5882']",444703,1141,Unknown
6401633298,['0030-7580'],498825,152,Unknown
6401710599,['1091-0239'],477325,39,Unknown
640174811,"['1535-5314', '2375-2122']",488869,17,Unknown
6401856363,"['1743-9779', '1743-9760']",470023,1005,Unknown
64018585,"['0012-2173', '1759-0949']",439879,2058,Unknown
6401871365,"['2168-0604', '2155-7888']",500397,44,Unknown
640199145,"['1552-8278', '1046-4964']",446979,951,Unknown
6402225561,['1080-6520'],439446,431,Unknown
6804194371,['1063-1801'],439446,14,Unknown
6402428631,['1549-9502'],483243,132,Unknown
6402486806,['2158-2025'],504020,16,True
6402529871,"['0737-0555', '2576-649X']",500410,27,Unknown
6402529890,['2642-2344'],502009,40,Unknown
6402694,"['1559-8519', '0022-4499']",340714,2782,Unknown
64027491,"['0146-7239', '1573-6644']",340802,1546,Unknown
6402851,"['0022-4537', '1540-4560']",443742,3298,Unknown
64028805,"['1081-1826', '1558-3708']",447272,676,Unknown
64028936,"['0891-2432', '1552-3977']",430583,1419,Unknown
6402911,"['0022-4545', '1940-1183']",342714,6574,Unknown
64030098,"['1552-3918', '0163-2787']",440527,1331,Unknown
64031617,"['0197-2243', '1087-6537']",343621,1073,Unknown
6403163574,"['1545-6927', '0084-0416']",448149,338,Unknown
64031637,"['0197-3533', '1532-4834']",438345,1383,Unknown
64031694,['0197-3975'],441040,2842,Unknown
6403177717,['2164-0262'],485041,85,Unknown
64034244,"['0021-8294', '1468-5906']",442314,2399,Unknown
64034288,"['0021-8251', '1945-2306']",442311,1582,Unknown
64034409,"['0021-8456', '1475-679X']",442333,2137,Unknown
640347752,"['1050-8414', '1532-7108']",447573,566,Unknown
640347880,"['1050-8619', '1532-7582']",447571,705,Unknown
6403538377,"['1558-5727', '0155-977X']",343423,566,True
64035790,"['1744-6570', '0031-5826']",445666,2674,Unknown
640395580,"['0959-2296', '1557-301X']",439910,770,Unknown
64045949,"['0748-1187', '1091-7683']",439791,2333,Unknown
64046780,"['1065-223X', '2576-0998']",470955,295,Unknown
64050726,"['1552-7441', '0048-3931']",445749,1400,Unknown
64059762,"['2168-3824', '0270-1367']",341835,3062,Unknown
640603409,"['1559-2715', '0013-8339']",440252,63,Unknown
640632899,"['1098-3007', '1538-4772']",443588,573,Unknown
64064663,"['0022-2429', '1547-7185']",443256,5810,Unknown
6407253,"['1468-4365', '0896-7148']",437619,1221,Unknown
640728439,['2161-2234'],483756,362,Unknown
640828000,"['0039-3533', '2154-428X']",447245,182,True
640852476,"['2151-2590', '1864-9335']",471652,527,Unknown
640933081,"['2161-797X', '0002-9319']",447471,599,Unknown
643013730,"['1545-4290', '0084-6570']",342965,1146,Unknown
646029753,"['0748-8491', '1934-8924']",478100,417,Unknown
647043470,"['2380-7687', '2380-7679']",499571,23,Unknown
6501109780,"['1527-8263', '1082-9636']",443314,344,Unknown
6501147,"['1557-7805', '0091-3367']",442343,1635,Unknown
6501160331,['2169-5377'],439886,89,Unknown
6501162,"['0091-4150', '1541-3535']",342543,2017,Unknown
6501168225,"['0885-3134', '1557-7813']",449251,434,Unknown
6501270356,"['0892-8339', '1548-1379']",477864,521,Unknown
6501278403,"['1936-8631', '1936-8623']",477853,632,Unknown
6501316383,"['0841-8209', '2056-4260']",438835,545,Unknown
6501471290,"['0042-5222', '1527-2052']",448045,585,Unknown
65015820,"['1744-9324', '0008-4239']",438847,2055,Unknown
6501636481,"['0040-5574', '1475-4533']",447718,662,Unknown
6501799498,['2469-9632'],496781,268,Unknown
6501834420,['2644-0652'],504670,40,True
65018561,['1525-5050'],440307,8271,Unknown
650196202,"['1047-1987', '1476-4989']",416781,808,Unknown
6502152081,"['0952-0767', '1749-4192']",470707,789,Unknown
6502179084,"['2444-8494', '2444-8451']",494656,169,True
6502192388,"['1540-7969', '2169-2408']",478101,521,Unknown
6502214704,"['0040-5817', '1558-5816']",451727,285,True
6502218804,['1080-6555'],447563,352,Unknown
6502244038,"['2159-9785', '2159-9793']",483767,125,Unknown
65022832,['1540-1960'],468904,43,Unknown
6502426003,"['1536-8742', '2151-6073']",476418,92,Unknown
6502436393,['2474-1795'],490497,14,True
65026477,"['0895-9048', '1552-3896']",440095,1227,Unknown
65026605,"['0093-6502', '1552-3810']",439282,1670,Unknown
65027867,"['0892-7936', '1753-0377']",419427,1184,Unknown
65027981,"['1058-0476', '1573-1707', '1573-3475', '1082-3301', '0092-4199', '0161-570X', '0882-3391']",440006,3430,Unknown
65029479,['0899-8256'],342049,3227,Unknown
6503018290,['1940-9079'],445321,83,Unknown
6503018423,"['1940-9419', '1940-9427']",475008,274,Unknown
65030577,"['1540-6245', '0021-8529']",341517,2687,Unknown
65032118,"['1521-9488', '1468-2486']",442125,1505,Unknown
6503458715,"['2325-5080', '1045-6635']",444319,1016,Unknown
6503727280,"['1554-0626', '1554-0634']",471036,244,Unknown
650413671,"['1939-7089', '1548-0518']",485063,674,Unknown
65041951,"['0267-8179', '1099-1417']",341105,2306,Unknown
6504233316,"['1937-6936', '1937-6928']",493295,3,Unknown
6504349,"['1523-4614', '1526-5498']",444545,1156,Unknown
65048299,"['0048-5772', '1469-8986']",343412,6564,Unknown
65050538,"['0956-7976', '1467-9280']",339775,5095,Unknown
650514121,"['0270-5346', '1529-1510']",438805,455,Unknown
65051754,"['0022-0787', '2161-1920']",442833,1094,Unknown
6505612,"['0033-5894', '1096-0287']",341263,3876,Unknown
65060139,"['1943-278X', '0363-0234']",340302,2282,Unknown
65060169,"['1541-0331', '0363-0242']",448161,2053,Unknown
65060223,"['0363-1990', '1552-5473']",433928,1019,Unknown
650658826,"['1751-2409', '1751-2395']",475656,125,Unknown
6601174803,"['2329-0390', '2329-0382']",499292,449,Unknown
6601239374,"['1092-6488', '1532-7868']",444782,524,Unknown
6601239530,"['1092-6690', '1541-8480']",445291,470,Unknown
6601260374,"['1948-4798', '0892-9092']",417466,298,Unknown
6601474012,['1934-1512'],447284,187,Unknown
6601474075,['1934-1520'],448171,329,Unknown
6601573,"['1600-6143', '0905-7196', '1600-6135', '1600-0471']",437975,9440,Unknown
6601585204,"['1530-9150', '0024-3892']",444431,808,Unknown
6601653,"['1559-1816', '0021-9029']",442434,4697,Unknown
6601760846,"['1532-7701', '1534-8458']",443188,690,Unknown
6601782510,['2162-3937'],442790,56,Unknown
6601807952,['1948-4747'],501795,7,Unknown
6601807959,['1948-4755'],501795,6,Unknown
6601844936,"['1559-744X', '1559-7431']",475081,469,Unknown
6602189827,"['2688-5220', '0035-8118']",451606,185,Unknown
6602211425,"['1080-658X', '0026-7724']",444894,908,Unknown
66027029,"['2194-6191', '1558-9544']",475732,195,Unknown
66027031,"['0091-5521', '1940-2325']",499192,1053,Unknown
6602797116,"['1945-4023', '1084-8657']",440958,546,Unknown
6602843558,"['0048-3915', '1088-4963']",445740,382,Unknown
66028529,"['1552-6127', '1090-1981']",441080,1995,Unknown
66028584,"['1552-4205', '0007-6503']",438754,1086,Unknown
6602889,"['0022-4669', '1538-4764']",443776,1700,Unknown
66029679,"['1552-7395', '0899-7640']",445251,1716,Unknown
66029837,"['0075-4242', '1552-5457']",442852,723,Unknown
6603066359,['1533-6271'],439106,444,Unknown
6604060817,['0009-8078'],439106,11,Unknown
66030989,"['1058-6407', '1530-9134']",414541,1210,Unknown
66031348,"['1079-5006', '1758-535X']",444137,6018,Unknown
66031370,"['1079-5014', '1758-5368']",444138,3359,Unknown
66032653,"['0037-3222', '1538-3555']",446909,1582,Unknown
6603520171,"['1949-3533', '1056-7941']",483790,662,Unknown
66039289,"['1938-1328', '0021-9584']",442558,24793,Unknown
66043512,"['1389-4986', '1573-6695']",446013,1666,Unknown
66048599,"['2157-5665', '2194-6175']",477273,318,Unknown
660545552,"['1573-8701', '1569-1721']",468245,542,Unknown
660552266,"['1931-390X', '1931-3896']",471802,726,Unknown
66062598,"['0049-089X', '1096-0317']",340540,2464,Unknown
66064112,"['1546-1726', '1097-6256']",341960,6578,Unknown
66064127,"['1380-3395', '1744-411X']",341413,3091,Unknown
660769049,"['2151-7290', '0898-9575']",451126,737,Unknown
660833205,"['1557-7554', '1096-3480']",443065,975,Unknown
660887106,['1948-9137'],485043,105,Unknown
660887125,['1948-9145'],485042,110,Unknown
660969555,"['1743-9337', '1357-2334']",340096,844,Unknown
6609998,"['1552-6933', '0306-624X']",441956,2680,Unknown
6701161485,['1544-4031'],497550,166,Unknown
6701203,"['0021-9118', '1752-0401']",341197,3101,Unknown
6701267606,"['1045-0300', '1558-5441']",440947,338,Unknown
6701392266,"['2475-0913', '2475-0905']",500415,11,Unknown
6701411201,['0890-0132'],501793,73,Unknown
67014229,"['0440-9213', '2328-1103']",441179,1496,Unknown
6701462085,['1934-1539'],451618,278,Unknown
67015490,"['0969-5893', '1468-2850']",439185,1272,Unknown
670162507,"['0393-5949', '2037-6731']",482309,117,Unknown
6701666833,"['1532-7833', '1098-6065']",444645,429,Unknown
67018633,"['1096-0821', '0749-596X']",443319,2186,Unknown
67018653,['0749-5978'],341014,2200,Unknown
6702213183,['0037-802X'],475711,912,Unknown
6702231984,"['2153-5558', '2153-5531']",479765,66,Unknown
6702502996,['2161-0576'],444326,45,Unknown
6702547996,"['2325-9973', '2325-9965']",499058,134,Unknown
670259949,['0273-2297'],439861,809,Unknown
67026033,"['2153-3806', '0091-7710']",442396,1028,Unknown
67026039,"['0091-8369', '1540-3602']",443061,2902,Unknown
6702798405,['2169-0324'],487009,40,Unknown
67028717,"['1547-3201', '0034-4087']",446387,2220,Unknown
67028982,"['0146-6216', '1552-3497']",437942,1936,Unknown
6702981535,['0145-5788'],469856,406,Unknown
67031353,"['2325-7784', '0037-6779']",446970,2495,Unknown
67031496,"['1461-7404', '0037-7686']",446993,1542,Unknown
67031578,"['1520-6793', '0742-6046']",412103,2259,Unknown
67032830,"['1935-990X', '0003-066X']",437631,9800,Unknown
67032919,"['1552-4523', '0733-4648']",442418,2064,Unknown
6703431154,"['1045-6767', '1936-4776']",441269,724,Unknown
6703864963,['2639-5614'],499310,1,Unknown
6704320,"['1557-5144', '0734-2829']",428231,1849,Unknown
6704340,"['0734-6018', '1533-855X']",446406,1197,Unknown
67046641,"['0022-4529', '1527-1897']",443741,1016,Unknown
67046641,"['1527-1897', '0022-4529']",443741,669,Unknown
67052519,"['1061-3773', '1099-0542']",439382,1782,Unknown
670545763,"['0267-1905', '1471-6356']",437820,584,Unknown
670547273,['1073-0427'],450926,67,Unknown
670550793,"['1931-4361', '1931-437X']",470229,395,Unknown
67055362,"['1746-1561', '0022-4391']",443707,5850,Unknown
6705597,"['0011-1384', '1745-9125']",439560,1785,Unknown
6705643,"['0011-1619', '1939-9138']",439608,1062,Unknown
670597525,"['0195-6744', '1549-6511']",437571,752,Unknown
670644247,"['0895-2841', '1540-7322']",444109,952,Unknown
67065581,"['0026-7902', '1540-4781']",447629,3132,Unknown
67065683,"['1469-0292', '1878-5476']",446208,2038,Unknown
670815674,['1941-9511'],487403,20,Unknown
670828787,"['1573-2827', '1096-4037']",439147,625,Unknown
670831743,['1091-8264'],447391,50,Unknown
6708591,"['0013-189X', '1935-102X']",449310,2704,Unknown
670963897,['1062-6239'],479769,113,Unknown
6801154695,"['1532-4818', '0895-7347']",437932,749,Unknown
68013215,"['0742-0714', '1573-3602', '1050-5350']",442973,1777,Unknown
6801509937,"['2153-2109', '0031-4528']",499429,57,Unknown
68015336,"['0586-7614', '1745-1701']",343328,5262,Unknown
68016916,"['1538-4810', '1053-4512']",442147,1387,Unknown
6801755254,"['1551-823X', '1551-8248']",498415,446,Unknown
6801821370,"['2254-7207', '2474-6029']",499207,5,Unknown
68020078,"['1540-627X', '0047-2778']",443735,1094,Unknown
68020080,"['1467-9833', '0047-2786']",443743,1052,Unknown
68020112,"['0047-2891', '1573-6601']",341605,3946,Unknown
68020153,"['0047-4045', '1469-8013']",444293,1927,Unknown
68021881,"['1573-286X', '0843-4611', '1079-0632']",446900,1232,Unknown
6802224625,"['1540-3548', '1089-4160']",443201,768,Unknown
6802269222,"['0191-5886', '1573-3653', '0361-3496']",443417,864,Unknown
6802348191,"['2166-3548', '2166-3556']",499567,231,Unknown
6802385427,"['1558-8831', '2333-3154']",500418,77,Unknown
6802562127,"['1532-7817', '1048-9223']",444284,432,Unknown
6802598163,['0277-2027'],438753,478,Unknown
6802632664,"['1552-6119', '1077-5595']",439032,1019,Unknown
68027372,"['0360-1277', '1521-0472']",440090,2563,Unknown
6802799339,"['2165-5413', '2165-5405']",499600,76,Unknown
6802815759,['2169-0847'],483673,15,True
6802830,"['0022-4812', '1943-5886']",443823,5765,Unknown
6802898,"['1552-7816', '0022-4871']",340099,2667,Unknown
68031268,"['1533-8371', '0888-3254']",340057,967,Unknown
68031564,"['1552-7425', '1094-4281']",445481,795,Unknown
6803240948,"['1016-9040', '1878-531X']",342219,854,Unknown
68033450,"['1045-1064', '2331-4702']",443838,274,True
6803435447,"['2150-9298', '2150-9301']",481461,123,True
6803532983,"['1352-3252', '1469-8048']",444377,375,Unknown
68035589,"['0094-0496', '1548-1425']",341341,2685,Unknown
68035651,['0094-1190'],341783,2342,Unknown
68037701,"['0018-7259', '1938-3525']",441270,2775,Unknown
68038897,['1932-6203'],470652,273682,True
6803935514,['1099-839X'],439677,2,True
680400208,"['1949-0461', '1084-1806']",490723,853,Unknown
6804219664,['1930-2975'],470460,16,True
680422017,['1548-0712'],499481,89,Unknown
6804223186,['2164-9685'],485040,1,Unknown
6804263,"['2162-271X', '0019-7939']",441561,3889,Unknown
68043618,"['2169-2289', '0003-0279']",443867,2503,Unknown
6804383,['0019-8501'],441570,4078,Unknown
680459195,"['1539-1523', '1945-0818']",476435,579,Unknown
68052979,"['2168-622X', '2168-6238']",481105,2357,Unknown
6805445,"['1069-9384', '1531-5320']",446212,3956,Unknown
680635375,"['1520-3972', '1531-3298']",442623,505,Unknown
68063739,"['0732-2399', '1526-548X']",444574,1756,Unknown
68065958,"['0146-3373', '1746-4102']",439280,1428,Unknown
68067586,"['0022-4278', '1552-731X']",443684,1133,Unknown
68067660,"['0022-4308', '1098-2736']",340048,3699,Unknown
68069081,"['1534-7796', '0033-3174']",341346,6232,Unknown
680771092,"['1529-1480', '0741-5842']",446911,135,Unknown
680785996,"['1537-6370', '1558-5271']",485459,311,Unknown
6808430,"['1464-0651', '0165-0254']",342064,1956,Unknown
680909476,"['2052-8388', '1522-7340']",484106,20,Unknown
680970114,"['1062-726X', '1532-754X']",443638,539,Unknown
6901141970,['2165-2686'],451151,69,Unknown
6901226247,"['1542-3484', '0740-9710']",440723,437,Unknown
6901236906,"['2052-2630', '2052-2649']",485032,219,Unknown
6901379308,"['2168-989X', '0014-5858']",440762,480,Unknown
6901424567,"['0011-5266', '1548-6192']",439765,817,Unknown
6901580486,"['0016-8890', '1930-6962']",447555,739,Unknown
6901820382,['2475-9627'],498436,22,Unknown
6901855004,"['2689-4092', '2689-4084']",503825,186,Unknown
6901957909,"['2329-7662', '2329-7670']",494618,450,Unknown
6901988871,"['2352-6963', '0098-2474']",451879,124,Unknown
6901988965,"['0098-2601', '1086-3192']",440113,224,Unknown
6901996466,"['0748-1756', '1947-6302']",444667,672,Unknown
6903705532,"['0025-6307', '0748-1756']",444667,4,Unknown
6902179120,['1938-7849'],478481,410,True
6902634277,['2325-6044'],488201,6,Unknown
6902785407,"['1552-5406', '1043-9862']",442694,842,Unknown
69028659,"['1464-505X', '0003-3790']",340361,1573,Unknown
69031500,"['0033-8222', '1945-5755']",339906,4262,Unknown
69033034,"['1077-8012', '1552-8448']",448049,2370,Unknown
6903313248,['0163-4275'],341946,865,Unknown
69034449,"['0013-161X', '1552-3519']",440087,1362,Unknown
6903508,"['1934-3876', '0021-9231']",343501,1890,Unknown
69039189,['0014-4983'],440591,1267,Unknown
69039210,"['0014-7370', '1545-5300']",343239,2661,Unknown
690422600,"['1548-1360', '0886-7356']",439638,949,True
69042315,"['0002-7316', '2325-5064']",437536,5040,Unknown
69045455,"['1475-6811', '1350-4126']",445662,1073,Unknown
69045565,"['0898-2643', '1552-6887']",342541,1839,Unknown
69053521,"['1868-8527', '1868-8535']",477038,1842,Unknown
69053561,"['1540-5915', '0011-7315']",439793,2408,Unknown
690637457,"['1098-092X', '0270-6679', '1936-4717']",440845,506,Unknown
69070633,"['1558-1500', '0361-1434']",441437,1330,Unknown
690958614,"['1867-1233', '1042-1726']",474964,539,Unknown
